Compte;Intitulé;Solde ant Dbt (réf);Solde ant Cdt (réf);Débit période (réf);Crédit période (réf);Solde pér Dbt (réf);Solde pér Cdt (réf);Solde fin Dbt (réf);Solde fin Cdt (réf)
10100000;CAPITAL SOCIAL;0;0;0;12400000;0;12400000;0;12400000
10900000;ACTIONNAIRE CAPITAL NON APPELE;0;0;3140;3130;10;0;10;0
16210000;EMPRUNT BANCAIRE;0;0;0;21100000;0;21100000;0;21100000
16220000;EMPRUNT LEASING;0;0;129604,98;1428285,64;0;1298680,66;0;1298680,66
21220000;LICENCES;0;0;97753;168739,97;0;70986,97;0;70986,97
21300000;LOGICIELS;0;0;26751,64;27934,7;0;1183,06;0;1183,06
22100000;TERRAINS;0;0;1044646,76;0;1044646,76;0;1044646,76;0
22200000;CONSTRUCTIONS;0;0;2205683,09;41574,55;2164108,53;0;2164108,53;0
22250000;INSTALLA  AGENECE AMENAGEMENT;0;0;0;266444,72;0;266444,72;0;266444,72
22300000;INSTAL TECH MAT  OUTI INDUS;0;0;3122996,71;484846,51;2638150,2;0;2638150,2;0
22310000;INSTAL TECH;0;0;0;76881,73;0;76881,73;0;76881,73
22340000;MATERIEL INDUS;0;0;10104419,95;384138,73;9720281,22;0;9720281,22;0
22350000;OUTILLAGE INDUS;0;0;0;2901,55;0;2901,55;0;2901,55
22440000;MATERIEL TRANSPORT  PERSONNE;0;0;52000;0;52000;0;52000;0
22810000;INSTAL AGENCE AMENAGE DIVERS;0;0;2090;37780,85;0;35690,85;0;35690,85
22820000;EQUIPEMENT DE BUREAU;0;0;58377,21;7092,85;51284,36;0;51284,36;0
22830000;MATERIEL INFORMATIQUE;0;0;52808,97;28983,86;23825,11;0;23825,11;0
22831000;TELEPHONE PORTABLE;0;0;18756,16;0;18756,16;0;18756,16;0
22832000;PC PORTABLE;0;0;21829,74;54,62;21775,11;0;21775,11;0
22860000;EMBALLAGE RECUPERABLE IDENTI;0;0;0;690,84;0;690,84;0;690,84
23000000;IMMOBILISATIONS EN COURS;0;0;0;134080;0;134080;0;134080
23100000;IMMO INCORP EN COURS;0;0;92350,18;68845,03;23505,15;0;23505,15;0
23200000;IMMO CORP EN COURS;0;0;17850822,83;6352386,35;11498436,47;0;11498436,47;0
23800000;AVANCES  VERSES/ IMMOB CORP;0;0;1910024,56;0;1910024,56;0;1910024,56;0
24340000;MATERIEL INDUS  A STATU  PARTI;0;0;319594,54;803106,58;0;483512,04;0;483512,04
24440000;MATERIEL TRANSPORT PERSONNEL  ;0;0;1412812,85;0;1412812,85;0;1412812,85;0
26430000;PRETS AU PERSONNEL;0;0;49000;0;49000;0;49000;0
26550000;CAUTIONNEMENTS;0;0;160971,2;57998,3;102972,9;0;102972,9;0
27100000;FRAIS PRELIMINAIRES;0;0;3803582,26;4465,14;3799117,12;0;3799117,12;0
27200000;CHARGES A REPARTIR;0;0;649287,04;39225;610062,04;0;610062,04;0
28122000;AMORT LICENCE ;0;0;0;10534,11;0;10534,11;0;10534,11
28244000;AMORT MATERIEL TRANSPORT PERSO;0;0;0;233055,68;0;233055,68;0;233055,68
28282000;AMORT EQUIPEMENT DE BUREAU;0;0;0;4754,71;0;4754,71;0;4754,71
28283000;AMORT MATERIEL INFORMATIQUE;0;0;0;10991,61;0;10991,61;0;10991,61
40110000;FRS - BIENS OU PREST SERVICE;0;0;32884,39;32884,9;0;0,51;0;0,51
40111000;FRS EXPL- BIENS LOCAUX;0;0;31956,34;51389,34;0;19433;0;19433
40112000;FRS EXPL- BIENS ETRANGERS;0;0;6700;3570;3130;0;3130;0
40113000;FRS EXPL - SERVICES LOCAUX;0;0;2080305,36;1961535,55;118769,81;0;118769,81;0
40313000;FRS EXPL EAP- SERVICES LOCAUX;0;0;0;89698,86;0;89698,86;0;89698,86
40411000;FRS - ACHAT IMMO LOCAUX;0;0;4321945,51;5178014,65;0;856069,14;0;856069,14
40412000;FRS - ACHAT IMMO ETRANGERS;0;0;3691985,61;8634360,62;0;4942375,01;0;4942375,01
40471000;FRS IMMO LOC -RETENUE GARANTIE;0;0;289461,42;1177060,82;0;887599,39;0;887599,39
40511000;FRS IMMO LOC - EFFETS A  PAYER;0;0;237737,93;237737,93;0;0;0;0
40841000;FRS IMMO LOC - FAC NON PARVENU;0;0;864349,25;864349,25;0;0;0;0
40910000;FRS AVANCES & ACOMPTES VERSES;0;0;198000;0;198000;0;198000;0
40911000;FRS D EXP- AVANCE BIENS LOCAUX;0;0;82237,25;0;82237,25;0;82237,25;0
40913000;FRS D EXP- AVANCE SERVICES LOC;0;0;492282,65;3600;488682,65;0;488682,65;0
40941000;FRS IMMO LOC- AVANCE  VERSEE;0;0;3378416,71;70031,4;3308385,31;0;3308385,31;0
40942000;FRS IMMO ETR - AVANCE VERSEE;0;0;873525,38;0;873525,38;0;873525,38;0
41111000;CLT LOC - VTE BIENS ;0;0;0;19071,16;0;19071,16;0;19071,16
41300000;CLIENTS - EFFETS A RECEVOIR;0;0;16831,14;0;16831,14;0;16831,14;0
42110000;PERSONEL AVANCES;0;0;8100;7600;500;0;500;0
42120000;PERSONEL PRETS;0;0;4000;1100;2900;0;2900;0
42500000;PERSONNEL - REMUNERATIONS DUES;0;0;789930,66;790959,42;0;1028,75;0;1028,75
42820000;DETTE PROVISIONE/CONGE A PAYER;0;0;0;35716,24;0;35716,24;0;35716,24
43201500;R/S MARCHES;0;0;170,01;0;170,01;0;170,01;0
43211000;IRPP;0;0;411585,36;411585,98;0;0,61;0;0,61
43212000;R/S CSS;0;0;5859,67;5859,68;0;0;0;0
43220005;R/S  0,5%;0;0;0;1500;0;1500;0;1500
43220010;R/S  1,0%;0;0;53699,39;50663;3036,38;0;3036,38;0
43220015;R/S  1,5%;0;0;0;219,58;0;219,58;0;219,58
43220050;R/S  3,0%;0;0;5654,4;5724,08;0;69,68;0;69,68
43220101;R/S  10,0% P PHYSIQUE;0;0;1241,4;1241,4;0;0;0;0
43220102;R/S  10,0% P MORALE;0;0;2313,36;2313,36;0;0;0;0
43413000;RS / PLACEMENT;0;0;6976,45;0;6976,45;0;6976,45;0
43414000;RS / INTERET CREDITEUR ;0;0;3860,08;0;3860,08;0;3860,08;0
43441000;REPORT IMPÖT ;0;0;44884,41;0;44884,41;0;44884,41;0
43661070;TVA DED-ACHATS LOCAUX  7%;0;0;1219,13;0;1219,13;0;1219,13;0
43661130;TVA DED-ACHATS LOCAUX  13%;0;0;13,31;0;13,31;0;13,31;0
43661190;TVA DED-ACHATS LOCAUX 19%;0;0;89754,99;10,37;89744,61;0;89744,61;0
43662107;TVA DED-IMMO LOCAUX  7%;0;0;7811,57;0;7811,57;0;7811,57;0
43662119;TVA DED-IMMO LOCAUX 19%;0;0;803083,02;18130,36;784952,66;0;784952,66;0
43662219;TVA DED-IMMO IMPORTES  19%;0;0;813889,58;100,87;813788,71;0;813788,71;0
43666270;TVA / COMMISSION BANCAIRES ;0;0;8358,2;0;8358,2;0;8358,2;0
43666650;TVA / INTERET LEASING;0;0;2321,04;0;2321,04;0;2321,04;0
43667000;CREDIT DE TVA A REPORTER;0;0;1867210,62;0;1867210,62;0;1867210,62;0
43670700;TVA COL 7%;0;0;135,42;0;135,42;0;135,42;0
43711000;TFP;0;0;13428,6;13428,6;0;0;0;0
43712000;FOPROLOS;0;0;13428,6;13428,6;0;0;0;0
4377000;DECLARATION MENSUELLE A PAYER ;0;0;443742,71;597687,34;0;153944,62;0;153944,62
44200000;ASSOCIES - COMPTES COURANTS;0;0;0;130000;0;130000;0;130000
45311000;CNSS;0;0;369783,07;493068,6;0;123285,53;0;123285,53
45770000;AUTRES COMPTES CREDITEURS;0;0;211177,99;125056,13;86121,85;0;86121,85;0
45860000;CHARGES A PAYER;0;0;370256,66;375811,47;0;5554,8;0;5554,8
46100000;COMPTE D ATTENTE;0;0;3997,36;0;3997,36;0;3997,36;0
46510000;DIFF CONVERSACTIF;0;0;370;370;0;0;0;0
47100000;CHARGES CONSTATEES D AVANCE;0;0;113753,71;113753,71;0;0;0;0
47800000;CPT REPAR PERIOD DE CH & PR;0;0;7414;4174,89;3239,1;0;3239,1;0
50520000;ECH-1 AN /EMP LEAS NON COURANT;0;0;78098,74;253611,21;0;175512,46;0;175512,46
50800000;INTERETS COURUS;0;0;0;163323,47;0;163323,47;0;163323,47
52000000;PLACEMENTS COURANTS;0;0;20500000;20500000;0;0;0;0
53211000;ATTIJARI CA SIEGE -TND;0;0;3524575,06;3350292,63;174282,42;0;174282,42;0
53212000;WIFAK KRAM -TND;0;0;25910,4;17784,55;8125,84;0;8125,84;0
53213000;STB TROC -TND;0;0;192645,4;61957,38;130688,02;0;130688,02;0
53214000;UBCI CHAR -TND;0;0;9872863,66;8172601,31;1700262,34;0;1700262,34;0
53215000;ATB LAC -TND;0;0;26040172,49;24630681,15;1409491,34;0;1409491,34;0
54111000;CAISSE TUNIS -DEPENSES;0;0;101006,84;73257,09;27749,75;0;27749,75;0
55000000;REGIES D AVANCE & ACCREDITIF;0;0;2067300;8567300;0;6500000;0;6500000
58000000;VIREMENTS INTERNES;0;0;361000;351000;10000;0;10000;0
60111000;ACHAT SARDINE LOCALE;0;0;20000;0;20000;0;20000;0
60213000;ACHAT PRODUITS DE NETOYAGE;0;0;473,72;0;473,72;0;473,72;0
60220000;FOURNITURES CONSOMMABLES;0;0;1550;0;1550;0;1550;0
60223000;ACHAT OUTILLAGES;0;0;764,26;0;764,26;0;764,26;0
60224000;ACHAT CAISSE  POISSON VIDE ;0;0;24291,5;0;24291,5;0;24291,5;0
60400000;ACHAT ETUDE & PRESTAT SERVICE;0;0;7801;0;7801;0;7801;0
60410000;FRAIS/ACHAT IMMOBILISATION IMP;0;0;10645;0;10645;0;10645;0
60420000;FRAIS/ACHAT IMMOBILISATION LOC;0;0;1201;0;1201;0;1201;0
60500000;ACHAT MATERIEL EQUIP & TRAVAUX;0;0;1090,49;0;1090,49;0;1090,49;0
60610000;EAU;0;0;21,1;0;21,1;0;21,1;0
60620000;ELECTRICTE;0;0;866,4;149,53;716,87;0;716,87;0
60640000;CARBURANT;0;0;21815,68;0;21815,68;0;21815,68;0
60650000;FOURNITURE DE BUREAU;0;0;3571,73;0;3571,73;0;3571,73;0
60660000;AUTRE ACH.NON ST.MATIERE .FOUR;0;0;1677,98;0;1677,98;0;1677,98;0
61100000;SOUS TRAITANCE GENERALE;0;0;0;100;0;100;0;100
61310000;LOCATIONS IMMEUBLE;0;0;45756,45;0;45756,45;0;45756,45;0
61320000;LOCATIONS MATERIEL ROULANT;0;0;1000;0;1000;0;1000;0
61322210;LOCATION IMMEUBLE;0;0;1515,55;0;1515,55;0;1515,55;0
61322410;LOCATION MATERIEL TRANSPORT DE;0;0;380;0;380;0;380;0
61322440;LOCATION MATERIEL TRANSPORT DE;0;0;31762,08;0;31762,08;0;31762,08;0
61330000;LOCATIONS MATERIEL ;0;0;787,5;0;787,5;0;787,5;0
61500000;ENTRETIENS ET REPARATIONS;0;0;993,7;0;993,7;0;993,7;0
61510000;ENTRETIENS ET REPARATIONS IMME;0;0;332,96;0;332,96;0;332,96;0
61522400;ENTRETIENS ET REPARATIONS MATE;0;0;7379,38;0;7379,38;0;7379,38;0
61600000;PRIMES D ASSURANCES;0;0;100,31;0;100,31;0;100,31;0
61630000;PRIMES D ASSURANCES RESPONSABI;0;0;45000;0;45000;0;45000;0
61660000;PRIMES D ASSURANCES MACHINE;0;0;3822,5;0;3822,5;0;3822,5;0
61670000;PRIMES D ASSURANCES MATERIEL R;0;0;12542,74;0;12542,74;0;12542,74;0
61690000;PRIMES D ASSURANCES GROUPE;0;0;7623,29;0;7623,29;0;7623,29;0
62000000;AUTRES SERVICES EXTERIEURS;0;0;3463;0;3463;0;3463;0
62200000;REMUNERATION & HONORAIRES;0;0;23290,82;0;23290,82;0;23290,82;0
62220000;HONORAIRES D EXPERT;0;0;115563;913,96;114649,03;0;114649,03;0
62240000;HONORAIRES MARKETING;0;0;1283,5;0;1283,5;0;1283,5;0
62320000;PUBLICITE HORS GMS;0;0;12001;0;12001;0;12001;0
62340000;DONS ET SUBV ACCORDES;0;0;9000;0;9000;0;9000;0
62410000;TRANSPORTS SUR ACHATS;0;0;830,03;0;830,03;0;830,03;0
62480000;DIVERS;0;0;300;0;300;0;300;0
62510000;VOYAGES ET DEPLACEMENTS;0;0;33193,3;2010;31183,3;0;31183,3;0
62560000;MISSIONS;0;0;18032,84;3287,7;14745,14;0;14745,14;0
62570000;RECEPTIONS;0;0;11031,82;0;11031,82;0;11031,82;0
62600000;FRAIS POSTAUX & TELECOM;0;0;3541,24;0;3541,24;0;3541,24;0
62700000;SERVICE BANCAIRE ;0;0;3291,5;0;3291,5;0;3291,5;0
62720000;COM & FRAIS / EMISS EMPRUNTS;0;0;78675;0;78675;0;78675;0
62780000;AUTRE FRAIS & COM / PREST SCE;0;0;3839,98;0;3839,98;0;3839,98;0
63000000;CHARGES DIVERSES ORDINAIRES;0;0;18,7;0;18,7;0;18,7;0
63130000;REDEVANCE/ LICENCE;0;0;488,59;0;488,59;0;488,59;0
64010000;SALAIRE REGIME MENSUEL;0;0;1007805,05;0;1007805,05;0;1007805,05;0
64030000;SALAIRE REGIME SPECIAL;0;0;3303,84;0;3303,84;0;3303,84;0
64711000;CHARGE PATR 1,6% / SALAIRE REG;0;0;21485,78;0;21485,78;0;21485,78;0
64721000;CHARGE PATR 17,07% SALAIRE REG;0;0;229226,41;0;229226,41;0;229226,41;0
65111000;INTERETS CMT;0;0;984850,47;0;984850,47;0;984850,47;0
65112000;INTERETS LEASING;0;0;41138,67;0;41138,67;0;41138,67;0
65160000;INTERET BANCAIR & / OPERA FIN;0;0;14254,37;0;14254,37;0;14254,37;0
65500000;PERTES DE CHANGE;0;0;60;0;60;0;60;0
66111000;TFP / SALAIRE REGIME MENSUEL;0;0;13428,6;0;13428,6;0;13428,6;0
66121000;FOPROLOS  / SALAIRE REGIME MEN;0;0;13428,6;0;13428,6;0;13428,6;0
66500000;AUTRE IMPOT, TAXE;0;0;1151,5;0;1151,5;0;1151,5;0
66530000;AMENDES ET PENALITES;0;0;90;0;90;0;90;0
66540000;DROIT ENREGISTREMENT & TIMBRE;0;0;4594,89;0;4594,89;0;4594,89;0
66550000;TAXES SUR LES VEHICULES;0;0;3310;0;3310;0;3310;0
70911100;RRR ACCORD/ VENTE LOC SARDINE;0;0;1934,57;0;1934,57;0;1934,57;0
73000000;PRODUITS DIVERS ORDINAIRES;0;0;0;5,49;0;5,49;0;5,49
75000000;PRODUITS FINANCIERS;0;0;0;0,43;0;0,43;0;0,43
75400000;REVENU VALEUR MOBIL PLACEM;0;0;0;48110,86;0;48110,86;0;48110,86
75410000;INTERET CREDITEUR ;0;0;0;24590,64;0;24590,64;0;24590,64
79000000;TRANSFERTS DE CHARGES;0;0;0;20884,35;0;20884,35;0;20884,35
